t,x,y
0.000000,282.4500,182.6200
0.012272,277.0168,185.0637
0.024544,271.6204,187.5876
0.036816,266.2630,190.1931
0.049087,260.9478,192.8839
0.061359,255.6754,195.6573
0.073631,250.4476,198.5141
0.085903,245.2680,201.4575
0.098175,240.1376,204.4857
0.110447,235.0582,207.5985
0.122718,230.0317,210.7963
0.134990,225.0620,214.0815
0.147262,220.1496,217.4518
0.159534,215.2965,220.9070
0.171806,210.5047,224.4467
0.184078,205.7767,228.0713
0.196350,201.1153,231.7809
0.208621,196.5210,235.5735
0.220893,191.9959,239.4482
0.233165,187.5416,243.4043
0.245437,183.1599,247.4406
0.257709,178.8541,251.5577
0.269981,174.6241,255.7527
0.282252,170.4713,260.0241
0.294524,166.3970,264.3705
0.306796,162.4024,268.7902
0.319068,158.4893,273.2822
0.331340,154.6592,277.8452
0.343612,150.9117,282.4763
0.355884,147.7294,287.4748
0.368155,145.1367,292.8385
0.380427,142.6174,298.2371
0.392699,140.1739,303.6703
0.404971,137.8067,309.1373
0.417243,135.5166,314.6370
0.429515,133.3047,320.1686
0.441786,131.1725,325.7314
0.454058,129.1219,331.3248
0.466330,127.1525,336.9473
0.478602,125.2652,342.5979
0.490874,123.4621,348.2759
0.503146,121.7438,353.9802
0.515418,120.1100,359.7092
0.527689,118.5616,365.4619
0.539961,117.1011,371.2376
0.552233,115.7271,377.0344
0.564505,114.4398,382.8511
0.576777,113.2415,388.6868
0.589049,112.1314,394.5399
0.601320,111.1091,400.4089
0.613592,110.1756,406.2928
0.625864,109.3317,412.1902
0.638136,108.5758,418.0995
0.650408,108.0377,424.0286
0.662680,107.8759,429.9838
0.674952,107.8177,435.9409
0.687223,107.8558,441.8982
0.699495,107.9907,447.8541
0.711767,108.2321,453.8066
0.724039,108.5692,459.7544
0.736311,109.0101,465.6955
0.748583,109.5544,471.6280
0.760854,110.1957,477.5507
0.773126,110.9459,483.4608
0.785398,111.7960,489.3572
0.797670,112.7445,495.2386
0.809942,113.8031,501.1012
0.822214,114.9587,506.9454
0.834486,116.2150,512.7689
0.846757,117.5767,518.5685
0.859029,119.0337,524.3450
0.871301,120.5930,530.0948
0.883573,122.2516,535.8166
0.895845,124.0026,541.5109
0.908117,125.8572,547.1723
0.920388,127.8032,552.8029
0.932660,129.8416,558.4007
0.944932,131.9774,563.9621
0.957204,134.1987,569.4899
0.969476,136.5144,574.9788
0.981748,138.9161,580.4306
0.994020,141.4025,585.8444
1.006291,143.9779,591.2164
1.018563,146.6302,596.5508
1.030835,149.3709,601.8404
1.043107,152.1860,607.0907
1.055379,155.0818,612.2970
1.067651,158.0520,617.4611
1.079922,161.0966,622.5819
1.092194,164.2143,627.6583
1.104466,167.4010,632.6918
1.116738,170.6587,637.6797
1.129010,173.9810,642.6247
1.141282,177.3709,647.5236
1.153554,180.8224,652.3794
1.165825,184.3371,657.1896
1.178097,187.9112,661.9558
1.190369,191.5434,666.6779
1.202641,195.2339,671.3546
1.214913,198.9766,675.9896
1.227185,202.7773,680.5772
1.239456,206.6256,685.1250
1.251728,210.5286,689.6259
1.264000,214.4786,694.0855
1.276272,218.5018,698.4792
1.288544,222.5667,702.8344
1.300816,226.6634,707.1598
1.313088,230.7925,711.4543
1.325359,234.9525,715.7188
1.337631,239.1431,719.9532
1.349903,243.3638,724.1576
1.362175,247.6144,728.3318
1.374447,251.8943,732.4760
1.386719,256.2033,736.5900
1.398990,260.5408,740.6738
1.411262,264.9067,744.7272
1.423534,269.3007,748.7502
1.435806,273.7221,752.7430
1.448078,278.1705,756.7058
1.460350,282.6454,760.6386
1.472622,287.1465,764.5414
1.484893,291.6734,768.4143
1.497165,296.2256,772.2573
1.509437,300.8029,776.0705
1.521709,305.4048,779.8539
1.533981,310.0309,783.6077
1.546253,314.6809,787.3318
1.558524,319.3543,791.0265
1.570796,324.0509,794.6917
1.583068,328.7702,798.3277
1.595340,333.5118,801.9344
1.607612,338.2755,805.5120
1.619884,343.0608,809.0606
1.632156,347.8674,812.5803
1.644427,352.6949,816.0713
1.656699,357.5430,819.5336
1.668971,362.4113,822.9674
1.681243,367.2995,826.3729
1.693515,372.2073,829.7501
1.705787,377.1342,833.0993
1.718058,382.0801,836.4205
1.730330,387.0445,839.7139
1.742602,392.0057,843.0117
1.754874,396.8958,846.4144
1.767146,401.7410,849.8807
1.779418,406.5392,853.4117
1.791690,411.2915,857.0044
1.803961,415.9979,860.6570
1.816233,420.6561,864.3707
1.828505,425.2685,868.1413
1.840777,429.8333,871.9693
1.853049,434.3510,875.8528
1.865321,438.8221,879.7899
1.877592,443.2451,883.7809
1.889864,447.6224,887.8221
1.902136,451.9510,891.9154
1.914408,456.2344,896.0559
1.926680,460.4692,900.2461
1.938952,464.6593,904.4810
1.951224,468.8012,908.7631
1.963495,472.8985,913.0878
1.975767,476.9486,917.4568
1.988039,480.9542,921.8667
2.000311,484.9139,926.3178
2.012583,488.8286,930.8085
2.024855,492.6996,935.3369
2.037126,496.5248,939.9041
2.049398,500.3072,944.5068
2.061670,504.0459,949.1452
2.073942,507.7409,953.8183
2.086214,511.3940,958.5243
2.098486,515.0044,963.2631
2.110758,518.5725,968.0339
2.123029,522.0998,972.8350
2.135301,525.5227,977.7100
2.147573,528.8568,982.6471
2.159845,532.1909,987.5843
2.172117,535.5249,992.5215
2.184389,538.8589,997.4587
2.196660,542.1929,1002.3960
2.208932,545.5268,1007.3333
2.221204,548.8606,1012.2706
2.233476,552.1945,1017.2080
2.245748,555.5282,1022.1454
2.258020,558.8620,1027.0828
2.270292,562.1957,1032.0202
2.282563,565.5293,1036.9577
2.294835,568.8629,1041.8952
2.307107,572.1965,1046.8328
2.319379,575.5300,1051.7703
2.331651,578.8635,1056.7079
2.343923,582.1969,1061.6455
2.356194,585.5303,1066.5832
2.368466,588.8636,1071.5209
2.380738,592.1969,1076.4586
2.393010,595.5302,1081.3963
2.405282,598.8634,1086.3341
2.417554,602.2247,1087.6274
2.429826,605.6440,1082.7489
2.442097,609.0799,1077.8821
2.454369,612.5317,1073.0265
2.466641,615.9993,1068.1821
2.478913,619.4825,1063.3490
2.491185,622.9815,1058.5273
2.503457,626.4963,1053.7170
2.515728,630.0262,1048.9180
2.528000,633.5713,1044.1301
2.540272,637.1315,1039.3533
2.552544,640.7066,1034.5878
2.564816,644.2970,1029.8337
2.577088,647.9019,1025.0908
2.589360,651.5215,1020.3588
2.601631,655.1554,1015.6380
2.613903,658.8036,1010.9282
2.626175,662.4661,1006.2294
2.638447,666.1430,1001.5420
2.650719,669.8338,996.8655
2.662991,673.5385,992.2000
2.675262,677.2569,987.5454
2.687534,680.9889,982.9017
2.699806,684.7344,978.2689
2.712078,688.4933,973.6469
2.724350,692.2657,969.0359
2.736622,696.0513,964.4359
2.748894,699.8500,959.8466
2.761165,703.6617,955.2680
2.773437,707.4861,950.7002
2.785709,711.3233,946.1430
2.797981,715.1732,941.5965
2.810253,719.0355,937.0606
2.822525,722.9103,932.5354
2.834796,726.7974,928.0207
2.847068,730.6967,923.5166
2.859340,734.6084,919.0232
2.871612,738.5630,914.5677
2.883884,742.5658,910.1553
2.896156,746.5951,905.7671
2.908428,750.6507,901.4032
2.920699,754.7324,897.0637
2.932971,758.8399,892.7485
2.945243,762.9728,888.4577
2.957515,767.1309,884.1914
2.969787,771.3138,879.9494
2.982059,775.5214,875.7318
2.994330,779.7533,871.5386
3.006602,784.0092,867.3698
3.018874,788.2889,863.2254
3.031146,792.5921,859.1054
3.043418,796.9186,855.0099
3.055690,801.2679,850.9387
3.067962,805.6399,846.8917
3.080233,810.0342,842.8690
3.092505,814.4504,838.8705
3.104777,818.8885,834.8961
3.117049,823.3480,830.9458
3.129321,827.8287,827.0196
3.141593,832.3303,823.1174
3.153864,836.8526,819.2392
3.166136,841.3952,815.3848
3.178408,845.9580,811.5543
3.190680,850.5406,807.7475
3.202952,855.1428,803.9645
3.215224,859.7643,800.2050
3.227496,864.4048,796.4691
3.239767,869.0642,792.7567
3.252039,873.7423,789.0679
3.264311,878.4387,785.4025
3.276583,883.1532,781.7603
3.288855,887.8855,778.1412
3.301127,892.6353,774.5453
3.313399,897.4024,770.9723
3.325670,902.1866,767.4222
3.337942,906.9876,763.8949
3.350214,911.7770,760.3527
3.362486,916.4699,756.6828
3.374758,921.1311,752.9727
3.387030,925.7597,749.2220
3.399301,930.3534,745.4287
3.411573,934.9089,741.5895
3.423845,939.4288,737.7086
3.436117,943.9122,733.7855
3.448389,948.3582,729.8201
3.460661,952.7600,725.8057
3.472933,957.1213,721.7473
3.485204,961.4418,717.6455
3.497476,965.7203,713.5000
3.509748,969.9483,709.3029
3.522020,974.1320,705.0616
3.534292,978.2702,700.7761
3.546564,982.3572,696.4415
3.558835,986.3920,692.0585
3.571107,990.3776,687.6306
3.583379,994.3095,683.1550
3.595651,998.1829,678.6286
3.607923,1002.0032,674.0573
3.620195,1005.7652,669.4380
3.632467,1009.4641,664.7679
3.644738,1013.1060,660.0533
3.657010,1016.6826,655.2890
3.669282,1020.1938,650.4762
3.681554,1023.6438,645.6195
3.693826,1027.0194,640.7106
3.706098,1030.3295,635.7574
3.718369,1033.5695,630.7581
3.730641,1036.7333,625.7102
3.742913,1039.8293,620.6204
3.755185,1042.8423,615.4811
3.767457,1045.7831,610.3001
3.779729,1048.6439,605.0746
3.792001,1051.4236,599.8054
3.804272,1054.1261,594.4962
3.816544,1056.7392,589.1425
3.828816,1059.2760,583.7522
3.841088,1061.7189,578.3187
3.853360,1064.0820,572.8500
3.865632,1066.3530,567.3424
3.877903,1068.5379,561.8001
3.890175,1070.6328,556.2232
3.902447,1072.6359,550.6126
3.914719,1074.5509,544.9714
3.926991,1076.3690,539.2982
3.939263,1078.1014,533.5983
3.951535,1079.7322,527.8684
3.963806,1081.2788,522.1152
3.976078,1082.7218,516.3353
3.988350,1084.0789,510.5345
4.000622,1085.3359,504.7112
4.012894,1086.5031,498.8692
4.025166,1087.5742,493.0089
4.037437,1088.5516,487.1322
4.049709,1089.4379,481.2411
4.061981,1090.0066,475.3183
4.074253,1090.1780,469.3633
4.086525,1090.2565,463.4064
4.098797,1090.2558,457.4490
4.111069,1090.1632,451.4923
4.123340,1089.9814,445.5376
4.135612,1089.7069,439.5866
4.147884,1089.3352,433.6408
4.160156,1088.8678,427.7018
4.172428,1088.2975,421.7717
4.184700,1087.6264,415.8523
4.196971,1086.8490,409.9458
4.209243,1085.9637,404.0546
4.221515,1084.9715,398.1804
4.233787,1083.8621,392.3273
4.246059,1082.6468,386.4951
4.258331,1081.3052,380.6908
4.270603,1079.8522,374.9134
4.282874,1078.2788,369.1675
4.295146,1076.5810,363.4573
4.307418,1074.7669,357.7828
4.319690,1072.8229,352.1516
4.331962,1070.7560,346.5644
4.344234,1068.5692,341.0229
4.356505,1066.2486,335.5360
4.368777,1063.8055,330.1028
4.381049,1061.2417,324.7254
4.393321,1058.5451,319.4132
4.405593,1055.7267,314.1649
4.417865,1052.7893,308.9821
4.430137,1049.7244,303.8736
4.442408,1046.5396,298.8391
4.454680,1043.2406,293.8787
4.466952,1039.8218,288.9999
4.479224,1036.2877,284.2042
4.491496,1032.6463,279.4893
4.503768,1028.8943,274.8620
4.516039,1025.0343,270.3243
4.528311,1021.0761,265.8721
4.540583,1017.0162,261.5124
4.552855,1012.8590,257.2454
4.565127,1008.6138,253.0659
4.577399,1004.2746,248.9840
4.589671,999.8516,244.9932
4.601942,995.3493,241.0920
4.614214,990.7629,237.2899
4.626486,986.1064,233.5742
4.638758,981.3744,229.9550
4.651030,976.5758,226.4247
4.663302,971.7120,222.9846
4.675573,966.4141,220.2779
4.687845,961.0171,217.7555
4.700117,955.5783,215.3244
4.712389,950.0986,212.9868
4.724661,944.5790,210.7452
4.736933,939.0199,208.6034
4.749205,933.4232,206.5619
4.761476,927.7902,204.6228
4.773748,922.1224,202.7879
4.786020,916.4214,201.0591
4.798292,910.6887,199.4382
4.810564,904.9263,197.9268
4.822836,899.1358,196.5263
4.835107,893.3189,195.2400
4.847379,887.4777,194.0693
4.859651,881.6147,193.0133
4.871923,875.7320,192.0730
4.884195,869.8318,191.2492
4.896467,863.9165,190.5424
4.908739,857.9883,189.9538
4.921010,852.0492,189.4863
4.933282,846.1021,189.1366
4.945554,840.1493,188.9044
4.957826,834.1930,188.7895
4.970098,828.2357,188.7915
4.982370,822.2794,188.9098
4.994641,816.3267,189.1463
5.006913,810.3797,189.4979
5.019185,804.4405,189.9626
5.031457,798.5111,190.5394
5.043729,792.5935,191.2267
5.056001,786.6896,192.0232
5.068273,780.8011,192.9271
5.080544,774.9299,193.9367
5.092816,769.0775,195.0504
5.105088,763.2456,196.2671
5.117360,757.4356,197.5842
5.129632,751.7168,199.2352
5.141904,746.0830,201.1719
5.154175,740.4835,203.2057
5.166447,734.9217,205.3406
5.178719,729.4009,207.5792
5.190991,723.9224,209.9192
5.203263,718.4901,212.3648
5.215535,713.1076,214.9180
5.227807,707.7759,217.5758
5.240078,702.5013,220.3450
5.252350,697.2844,223.2216
5.264622,692.1295,226.2078
5.276894,687.0406,229.3051
5.289166,682.0191,232.5105
5.301438,677.0714,235.8288
5.313709,672.1968,239.2534
5.325981,667.4035,242.7910
5.338253,662.6890,246.4328
5.350525,658.0625,250.1860
5.362797,653.5205,254.0409
5.375069,649.0725,258.0039
5.387341,644.7143,262.0655
5.399612,640.4553,266.2309
5.411884,636.2907,270.4908
5.424156,632.2296,274.8494
5.436428,628.2667,279.2974
5.448700,624.4107,283.8385
5.460972,620.6554,288.4632
5.473243,617.0099,293.1750
5.485515,613.4669,297.9643
5.497787,610.0345,302.8335
5.510059,606.7065,307.7746
5.522331,603.4089,311.5893
5.534603,599.6020,307.0067
5.546875,595.7600,302.4537
5.559146,591.8800,297.9329
5.571418,587.9633,293.4440
5.583690,584.0055,288.9911
5.595962,580.0083,284.5737
5.608234,575.9676,280.1959
5.620506,571.8838,275.8585
5.632777,567.7550,271.5637
5.645049,563.5781,267.3159
5.657321,559.3528,263.1160
5.669593,555.0773,258.9674
5.681865,550.7493,254.8735
5.694137,546.3663,250.8385
5.706409,541.9266,246.8661
5.718680,537.4283,242.9602
5.730952,532.8691,239.1255
5.743224,528.2464,235.3677
5.755496,523.5576,231.6926
5.767768,518.8010,228.1057
5.780040,513.9745,224.6136
5.792311,509.0750,221.2246
5.804583,504.0999,217.9476
5.816855,499.0483,214.7898
5.829127,493.9169,211.7637
5.841399,488.7046,208.8789
5.853671,483.4592,206.0568
5.865943,478.2606,203.1473
5.878214,473.0063,200.3397
5.890486,467.6967,197.6380
5.902758,462.3313,195.0490
5.915030,456.9128,192.5732
5.927302,451.4424,190.2141
5.939574,445.9218,187.9752
5.951845,440.3527,185.8598
5.964117,434.7352,183.8763
5.976389,429.0732,182.0241
5.988661,423.3692,180.3051
6.000933,417.6261,178.7220
6.013205,411.8448,177.2844
6.025477,406.0301,175.9886
6.037748,400.1854,174.8359
6.050020,394.3133,173.8319
6.062292,388.4174,172.9788
6.074564,382.5020,172.2732
6.086836,376.5707,171.7173
6.099108,370.6268,171.3172
6.111379,364.6748,171.0659
6.123651,358.7184,170.9629
6.135923,352.7613,171.0152
6.148195,346.8073,171.2151
6.160467,340.8600,171.5603
6.172739,334.9230,172.0524
6.185011,329.0000,172.6906
6.197282,323.0937,173.4683
6.209554,317.2070,174.3830
6.221826,311.3432,175.4348
6.234098,305.5052,176.6214
6.246370,299.6948,177.9364
6.258642,293.9142,179.3766
6.270913,288.1653,180.9389
